{
  "chinese": [
    {
      "id": "고추잡채",
      "label": "고추잡채"
    },
    {
      "id": "깐풍기",
      "label": "깐풍기"
    },
    {
      "id": "꿔바로우",
      "label": "꿔바로우"
    },
    {
      "id": "동파육 덮밥",
      "label": "동파육 덮밥"
    },
    {
      "id": "딤섬",
      "label": "딤섬"
    },
    {
      "id": "라조기",
      "label": "라조기"
    },
    {
      "id": "마라샹궈",
      "label": "마라샹궈"
    },
    {
      "id": "마라탕",
      "label": "마라탕"
    },
    {
      "id": "마라탕면",
      "label": "마라탕면"
    },
    {
      "id": "마파두부덮밥",
      "label": "마파두부덮밥"
    },
    {
      "id": "멘보샤",
      "label": "멘보샤"
    },
    {
      "id": "볶음밥",
      "label": "볶음밥"
    },
    {
      "id": "북경오리",
      "label": "북경오리"
    },
    {
      "id": "사천식 볶음면",
      "label": "사천식 볶음면"
    },
    {
      "id": "양꼬치",
      "label": "양꼬치"
    },
    {
      "id": "양장피",
      "label": "양장피"
    },
    {
      "id": "양전골",
      "label": "양전골"
    },
    {
      "id": "우육면",
      "label": "우육면"
    },
    {
      "id": "울면",
      "label": "울면"
    },
    {
      "id": "유린기",
      "label": "유린기"
    },
    {
      "id": "유산슬밥",
      "label": "유산슬밥"
    },
    {
      "id": "잡채밥",
      "label": "잡채밥"
    },
    {
      "id": "징기스칸",
      "label": "징기스칸"
    },
    {
      "id": "짜장면",
      "label": "짜장면"
    },
    {
      "id": "짬뽕",
      "label": "짬뽕"
    },
    {
      "id": "탄탄면",
      "label": "탄탄면"
    },
    {
      "id": "탕수육",
      "label": "탕수육"
    },
    {
      "id": "탕후루",
      "label": "탕후루"
    },
    {
      "id": "훠궈",
      "label": "훠궈"
    }
  ],
  "japanese": [
    {
      "id": "가츠동",
      "label": "가츠동"
    },
    {
      "id": "교자",
      "label": "교자"
    },
    {
      "id": "규동",
      "label": "규동"
    },
    {
      "id": "나베",
      "label": "나베"
    },
    {
      "id": "닭날개튀김",
      "label": "닭날개튀김"
    },
    {
      "id": "덮밥",
      "label": "덮밥"
    },
    {
      "id": "돈가츠",
      "label": "돈가츠"
    },
    {
      "id": "돈부리",
      "label": "돈부리"
    },
    {
      "id": "돈카츠",
      "label": "돈카츠"
    },
    {
      "id": "라멘",
      "label": "라멘"
    },
    {
      "id": "마제소바",
      "label": "마제소바"
    },
    {
      "id": "메밀소바",
      "label": "메밀소바"
    },
    {
      "id": "사시미",
      "label": "사시미"
    },
    {
      "id": "사케동",
      "label": "사케동"
    },
    {
      "id": "소바",
      "label": "소바"
    },
    {
      "id": "스시",
      "label": "스시"
    },
    {
      "id": "야끼소바",
      "label": "야끼소바"
    },
    {
      "id": "야키니쿠",
      "label": "야키니쿠"
    },
    {
      "id": "야키토리",
      "label": "야키토리"
    },
    {
      "id": "에비동",
      "label": "에비동"
    },
    {
      "id": "오야코동",
      "label": "오야코동"
    },
    {
      "id": "와규",
      "label": "와규"
    },
    {
      "id": "우동",
      "label": "우동"
    },
    {
      "id": "철판구이",
      "label": "철판구이"
    },
    {
      "id": "초밥",
      "label": "초밥"
    },
    {
      "id": "카라아게",
      "label": "카라아게"
    },
    {
      "id": "카레",
      "label": "카레"
    },
    {
      "id": "탄탄멘",
      "label": "탄탄멘"
    },
    {
      "id": "테리야끼",
      "label": "테리야끼"
    },
    {
      "id": "텐동",
      "label": "텐동"
    },
    {
      "id": "하이볼",
      "label": "하이볼"
    },
    {
      "id": "후토마키",
      "label": "후토마키"
    }
  ],
  "southeast": [
    {
      "id": "그린 커리",
      "label": "그린 커리"
    },
    {
      "id": "나시고랭",
      "label": "나시고랭"
    },
    {
      "id": "똠얌꿍",
      "label": "똠얌꿍"
    },
    {
      "id": "미고랭",
      "label": "미고랭"
    },
    {
      "id": "반미",
      "label": "반미"
    },
    {
      "id": "분짜",
      "label": "분짜"
    },
    {
      "id": "쌀국수",
      "label": "쌀국수"
    },
    {
      "id": "월남쌈",
      "label": "월남쌈"
    },
    {
      "id": "탄두리치킨",
      "label": "탄두리치킨"
    },
    {
      "id": "팟타이",
      "label": "팟타이"
    }
  ],
  "western": [
    {
      "id": "감바스",
      "label": "감바스"
    },
    {
      "id": "까르보나라",
      "label": "까르보나라"
    },
    {
      "id": "마리스코",
      "label": "마리스코"
    },
    {
      "id": "바비큐",
      "label": "바비큐"
    },
    {
      "id": "부리또",
      "label": "부리또"
    },
    {
      "id": "뷔페",
      "label": "뷔페"
    },
    {
      "id": "브라우니",
      "label": "브라우니"
    },
    {
      "id": "브런치",
      "label": "브런치"
    },
    {
      "id": "브루스케타",
      "label": "브루스케타"
    },
    {
      "id": "샌드위치",
      "label": "샌드위치"
    },
    {
      "id": "샐러드",
      "label": "샐러드"
    },
    {
      "id": "소금빵",
      "label": "소금빵"
    },
    {
      "id": "수프",
      "label": "수프"
    },
    {
      "id": "스콘",
      "label": "스콘"
    },
    {
      "id": "스테이크",
      "label": "스테이크"
    },
    {
      "id": "스튜",
      "label": "스튜"
    },
    {
      "id": "아이스크림",
      "label": "아이스크림"
    },
    {
      "id": "에그베네딕트",
      "label": "에그베네딕트"
    },
    {
      "id": "오믈렛",
      "label": "오믈렛"
    },
    {
      "id": "와플",
      "label": "와플"
    },
    {
      "id": "쿠키",
      "label": "쿠키"
    },
    {
      "id": "퀘사디아",
      "label": "퀘사디아"
    },
    {
      "id": "크림 우동",
      "label": "크림 우동"
    },
    {
      "id": "타코",
      "label": "타코"
    },
    {
      "id": "토스트",
      "label": "토스트"
    },
    {
      "id": "티라미수",
      "label": "티라미수"
    },
    {
      "id": "파스타",
      "label": "파스타"
    },
    {
      "id": "파에야",
      "label": "파에야"
    },
    {
      "id": "파히타",
      "label": "파히타"
    },
    {
      "id": "팬케이크",
      "label": "팬케이크"
    },
    {
      "id": "포케",
      "label": "포케"
    },
    {
      "id": "푸딩",
      "label": "푸딩"
    },
    {
      "id": "피자",
      "label": "피자"
    },
    {
      "id": "함박스테이크",
      "label": "함박스테이크"
    },
    {
      "id": "햄버거",
      "label": "햄버거"
    },
    {
      "id": "화이타",
      "label": "화이타"
    }
  ],
  "etc": [
    {
      "id": "뷔페",
      "label": "뷔페"
    },
    {
      "id": "브런치 플레이트",
      "label": "브런치 플레이트"
    },
    {
      "id": "인도 커리",
      "label": "인도 커리"
    },
    {
      "id": "케밥",
      "label": "케밥"
    },
    {
      "id": "팔라펠",
      "label": "팔라펠"
    },
    {
      "id": "필라프",
      "label": "필라프"
    },
    {
      "id": "후무스",
      "label": "후무스"
    }
  ]
}