{
  "grill": [
    { "id": "꼼장어", "label": "꼼장어" },
    { "id": "닭갈비", "label": "닭갈비" },
    { "id": "더덕구이", "label": "더덕구이" },
    { "id": "돼지고기", "label": "돼지고기" },
    { "id": "등갈비", "label": "등갈비" },
    { "id": "떡갈비", "label": "떡갈비" },
    { "id": "생선구이", "label": "생선구이" },
    { "id": "석갈비", "label": "석갈비" },
    { "id": "소고기", "label": "소고기" },
    { "id": "양갈비", "label": "양갈비" },
    { "id": "오리구이", "label": "오리구이" },
    { "id": "장어구이", "label": "장어구이" },
    { "id": "전복구이", "label": "전복구이" },
    { "id": "불고기", "label": "불고기" },
    { "id": "오리고기", "label": "오리고기" },
    { "id": "제육볶음", "label": "제육볶음" }
  ],
  "stew": [
    { "id": "감자탕", "label": "감자탕" },
    { "id": "곰탕", "label": "곰탕" },
    { "id": "김치찌개", "label": "김치찌개" },
    { "id": "내장탕", "label": "내장탕" },
    { "id": "닭볶음탕", "label": "닭볶음탕" },
    { "id": "도가니탕", "label": "도가니탕" },
    { "id": "동태찌개", "label": "동태찌개" },
    { "id": "동태탕", "label": "동태탕" },
    { "id": "된장찌개", "label": "된장찌개" },
    { "id": "떡만두국", "label": "떡만두국" },
    { "id": "매운탕", "label": "매운탕" },
    { "id": "명태탕", "label": "명태탕" },
    { "id": "미역국", "label": "미역국" },
    { "id": "부대찌개", "label": "부대찌개" },
    { "id": "뼈다귀탕", "label": "뼈다귀탕" },
    { "id": "설렁탕", "label": "설렁탕" },
    { "id": "소내장탕", "label": "소내장탕" },
    { "id": "소양탕", "label": "소양탕" },
    { "id": "순두부찌개", "label": "순두부찌개" },
    { "id": "시래기국", "label": "시래기국" },
    { "id": "아구탕", "label": "아구탕" },
    { "id": "알곤이탕", "label": "알곤이탕" },
    { "id": "연포탕", "label": "연포탕" },
    { "id": "오징어찌개", "label": "오징어찌개" },
    { "id": "육개장", "label": "육개장" },
    { "id": "청국장", "label": "청국장" },
    { "id": "추어탕", "label": "추어탕" },
    { "id": "갈비찜", "label": "갈비찜" },
    { "id": "갈비탕", "label": "갈비탕" },
    { "id": "김치찜", "label": "김치찜" },
    { "id": "두부두루치기", "label": "두부두루치기" },
    { "id": "짜글이", "label": "짜글이" },
    { "id": "찜닭", "label": "찜닭" }
  ],
  "gukbap": [
    { "id": "굴국밥", "label": "굴국밥" },
    { "id": "내장국밥", "label": "내장국밥" },
    { "id": "돼지국밥", "label": "돼지국밥" },
    { "id": "소국밥", "label": "소국밥" },
    { "id": "소머리국밥", "label": "소머리국밥" },
    { "id": "수육국밥", "label": "수육국밥" },
    { "id": "순대국밥", "label": "순대국밥" },
    { "id": "시래기국밥", "label": "시래기국밥" },
    { "id": "얼큰이국밥", "label": "얼큰이국밥" },
    { "id": "우거지국밥", "label": "우거지국밥" },
    { "id": "콩나물국밥", "label": "콩나물국밥" },
    { "id": "해장국", "label": "해장국" }
  ],
  "noodle": [
    { "id": "냉면", "label": "냉면" },
    { "id": "라면", "label": "라면" },
    { "id": "막국수", "label": "막국수" },
    { "id": "메밀국수", "label": "메밀국수" },
    { "id": "밀면", "label": "밀면" },
    { "id": "잔치국수", "label": "잔치국수" },
    { "id": "쫄면", "label": "쫄면" },
    { "id": "칼국수", "label": "칼국수" },
    { "id": "칼제비", "label": "칼제비" },
    { "id": "콩국수", "label": "콩국수" },
    { "id": "수제비", "label": "수제비" }
  ],
  "jeongol": [
    { "id": "곱창전골", "label": "곱창전골" },
    { "id": "두부전골", "label": "두부전골" },
    { "id": "만두전골", "label": "만두전골" },
    { "id": "조개전골", "label": "조개전골" },
    { "id": "흑염소전골", "label": "흑염소전골" }
  ],
  "seafood": [
    { "id": "꼬막무침", "label": "꼬막무침" },
    { "id": "대게찜", "label": "대게찜" },
    { "id": "대구뽈탕", "label": "대구뽈탕" },
    { "id": "대구탕", "label": "대구탕" },
    { "id": "대하구이", "label": "대하구이" },
    { "id": "문어구이", "label": "문어구이" },
    { "id": "물회", "label": "물회" },
    { "id": "복어국", "label": "복어국" },
    { "id": "새우탕", "label": "새우탕" },
    { "id": "알찜", "label": "알찜" },
    { "id": "알탕", "label": "알탕" },
    { "id": "어글탕", "label": "어글탕" },
    { "id": "조개구이", "label": "조개구이" },
    { "id": "조개탕", "label": "조개탕" },
    { "id": "해물찜", "label": "해물찜" },
    { "id": "해물탕", "label": "해물탕" },
    { "id": "해물파전", "label": "해물파전" },
    { "id": "회", "label": "회" },
    { "id": "게장", "label": "게장" },
    { "id": "동태찜", "label": "동태찜" },
    { "id": "생선조림", "label": "생선조림" },
    { "id": "아귀찜", "label": "아귀찜" },
    { "id": "전가복", "label": "전가복" },
    { "id": "낙지볶음", "label": "낙지볶음" },
    { "id": "오징어볶음", "label": "오징어볶음" },
    { "id": "쭈꾸미볶음", "label": "쭈꾸미볶음" }
  ],
  "snack": [
    { "id": "김밥", "label": "김밥" },
    { "id": "떡볶이", "label": "떡볶이" },
    { "id": "라볶이", "label": "라볶이" },
    { "id": "만두", "label": "만두" },
    { "id": "빈대떡", "label": "빈대떡" },
    { "id": "호떡", "label": "호떡" },
    { "id": "순대", "label": "순대" }
  ],
  "health": [
    { "id": "백숙", "label": "백숙" },
    { "id": "삼계탕", "label": "삼계탕" },
    { "id": "오리백숙", "label": "오리백숙" },
    { "id": "장어탕", "label": "장어탕" },
    { "id": "해신탕", "label": "해신탕" },
    { "id": "흑염소수육", "label": "흑염소수육" }
  ],
  "anju": [
    { "id": "골뱅이무침", "label": "골뱅이무침" },
    { "id": "골뱅이소면", "label": "골뱅이소면" },
    { "id": "골뱅이탕", "label": "골뱅이탕" },
    { "id": "낙곱새", "label": "낙곱새" },
    { "id": "닭똥집", "label": "닭똥집" },
    { "id": "돼지주물럭", "label": "돼지주물럭" },
    { "id": "오돌뼈", "label": "오돌뼈" },
    { "id": "오리주물럭", "label": "오리주물럭" },
    { "id": "닭강정", "label": "닭강정" },
    { "id": "닭발", "label": "닭발" },
    { "id": "보쌈", "label": "보쌈" },
    { "id": "수육", "label": "수육" },
    { "id": "족발", "label": "족발" },
    { "id": "육회", "label": "육회" }
  ],
  "rice": [
    { "id": "곤드레밥", "label": "곤드레밥" },
    { "id": "굴밥", "label": "굴밥" },
    { "id": "꼬막비빔밥", "label": "꼬막비빔밥" },
    { "id": "덮밥", "label": "덮밥" },
    { "id": "돌솥밥", "label": "돌솥밥" },
    { "id": "묵밥", "label": "묵밥" },
    { "id": "밥버거", "label": "밥버거" },
    { "id": "볶음밥", "label": "볶음밥" },
    { "id": "비빔밥", "label": "비빔밥" },
    { "id": "솥밥", "label": "솥밥" },
    { "id": "쌈밥", "label": "쌈밥" },
    { "id": "어죽", "label": "어죽" },
    { "id": "철판볶음밥", "label": "철판볶음밥" },
    { "id": "컵밥", "label": "컵밥" },
    { "id": "콩나물밥", "label": "콩나물밥" },
    { "id": "톳밥", "label": "톳밥" }
  ]
}
