{
  "western": [
    {
      "id": "깐풍기",
      "label": "깐풍기"
    },
    {
      "id": "닭강정",
      "label": "닭강정"
    },
    {
      "id": "덮밥",
      "label": "덮밥"
    },
    {
      "id": "돈카츠",
      "label": "돈카츠"
    },
    {
      "id": "라자냐",
      "label": "라자냐"
    },
    {
      "id": "리조또",
      "label": "리조또"
    },
    {
      "id": "립",
      "label": "립"
    },
    {
      "id": "마라탕",
      "label": "마라탕"
    },
    {
      "id": "바게트",
      "label": "바게트"
    },
    {
      "id": "베이글",
      "label": "베이글"
    },
    {
      "id": "볶음밥",
      "label": "볶음밥"
    },
    {
      "id": "부리또",
      "label": "부리또"
    },
    {
      "id": "뷔페",
      "label": "뷔페"
    },
    {
      "id": "브라우니",
      "label": "브라우니"
    },
    {
      "id": "샌드위치",
      "label": "샌드위치"
    },
    {
      "id": "샐러드",
      "label": "샐러드"
    },
    {
      "id": "수프",
      "label": "수프"
    },
    {
      "id": "슈바인학센",
      "label": "슈바인학센"
    },
    {
      "id": "스테이크",
      "label": "스테이크"
    },
    {
      "id": "스튜",
      "label": "스튜"
    },
    {
      "id": "스파게티",
      "label": "스파게티"
    },
    {
      "id": "아이스크림",
      "label": "아이스크림"
    },
    {
      "id": "에그인헬",
      "label": "에그인헬"
    },
    {
      "id": "오믈렛",
      "label": "오믈렛"
    },
    {
      "id": "오코노미야끼",
      "label": "오코노미야끼"
    },
    {
      "id": "와플",
      "label": "와플"
    },
    {
      "id": "우동",
      "label": "우동"
    },
    {
      "id": "일본식 카레",
      "label": "일본식 카레"
    },
    {
      "id": "짬뽕",
      "label": "짬뽕"
    },
    {
      "id": "치아바타",
      "label": "치아바타"
    },
    {
      "id": "치킨",
      "label": "치킨"
    },
    {
      "id": "케밥",
      "label": "케밥"
    },
    {
      "id": "케이크",
      "label": "케이크"
    },
    {
      "id": "퀘사디아",
      "label": "퀘사디아"
    },
    {
      "id": "크레페",
      "label": "크레페"
    },
    {
      "id": "타르트",
      "label": "타르트"
    },
    {
      "id": "타코",
      "label": "타코"
    },
    {
      "id": "타코야끼",
      "label": "타코야끼"
    },
    {
      "id": "토스트",
      "label": "토스트"
    },
    {
      "id": "티라미수",
      "label": "티라미수"
    },
    {
      "id": "파니니",
      "label": "파니니"
    },
    {
      "id": "파스타",
      "label": "파스타"
    },
    {
      "id": "파이",
      "label": "파이"
    },
    {
      "id": "팬케이크",
      "label": "팬케이크"
    },
    {
      "id": "피시앤칩스",
      "label": "피시앤칩스"
    },
    {
      "id": "피자",
      "label": "피자"
    },
    {
      "id": "필라프",
      "label": "필라프"
    },
    {
      "id": "핫도그",
      "label": "핫도그"
    },
    {
      "id": "햄버거",
      "label": "햄버거"
    }
  ],
  "chinese": [
    {
      "id": "고추잡채",
      "label": "고추잡채"
    },
    {
      "id": "깐풍기",
      "label": "깐풍기"
    },
    {
      "id": "덮밥",
      "label": "덮밥"
    },
    {
      "id": "동파육",
      "label": "동파육"
    },
    {
      "id": "딤섬",
      "label": "딤섬"
    },
    {
      "id": "라조기",
      "label": "라조기"
    },
    {
      "id": "마라샹궈",
      "label": "마라샹궈"
    },
    {
      "id": "마라탕",
      "label": "마라탕"
    },
    {
      "id": "마라탕면",
      "label": "마라탕면"
    },
    {
      "id": "마파두부",
      "label": "마파두부"
    },
    {
      "id": "만두",
      "label": "만두"
    },
    {
      "id": "멘보샤",
      "label": "멘보샤"
    },
    {
      "id": "볶음밥",
      "label": "볶음밥"
    },
    {
      "id": "샐러드",
      "label": "샐러드"
    },
    {
      "id": "수프",
      "label": "수프"
    },
    {
      "id": "양꼬치",
      "label": "양꼬치"
    },
    {
      "id": "양장피",
      "label": "양장피"
    },
    {
      "id": "우동",
      "label": "우동"
    },
    {
      "id": "우육면",
      "label": "우육면"
    },
    {
      "id": "울면",
      "label": "울면"
    },
    {
      "id": "유산슬",
      "label": "유산슬"
    },
    {
      "id": "잡채밥",
      "label": "잡채밥"
    },
    {
      "id": "짜장면",
      "label": "짜장면"
    },
    {
      "id": "짬뽕",
      "label": "짬뽕"
    },
    {
      "id": "초밥",
      "label": "초밥"
    },
    {
      "id": "치킨",
      "label": "치킨"
    },
    {
      "id": "탕수육",
      "label": "탕수육"
    },
    {
      "id": "훠궈",
      "label": "훠궈"
    }
  ],
  "japanese": [
    {
      "id": "가츠동",
      "label": "가츠동"
    },
    {
      "id": "규동",
      "label": "규동"
    },
    {
      "id": "나베",
      "label": "나베"
    },
    {
      "id": "덮밥",
      "label": "덮밥"
    },
    {
      "id": "돈카츠",
      "label": "돈카츠"
    },
    {
      "id": "딤섬",
      "label": "딤섬"
    },
    {
      "id": "라멘",
      "label": "라멘"
    },
    {
      "id": "만두",
      "label": "만두"
    },
    {
      "id": "멘보샤",
      "label": "멘보샤"
    },
    {
      "id": "볶음밥",
      "label": "볶음밥"
    },
    {
      "id": "사시미",
      "label": "사시미"
    },
    {
      "id": "사케동",
      "label": "사케동"
    },
    {
      "id": "새우튀김",
      "label": "새우튀김"
    },
    {
      "id": "샐러드",
      "label": "샐러드"
    },
    {
      "id": "샤브샤브",
      "label": "샤브샤브"
    },
    {
      "id": "소바",
      "label": "소바"
    },
    {
      "id": "수프",
      "label": "수프"
    },
    {
      "id": "스키야키",
      "label": "스키야키"
    },
    {
      "id": "스테이크",
      "label": "스테이크"
    },
    {
      "id": "스파게티",
      "label": "스파게티"
    },
    {
      "id": "쌀국수",
      "label": "쌀국수"
    },
    {
      "id": "야키토리",
      "label": "야키토리"
    },
    {
      "id": "에비동",
      "label": "에비동"
    },
    {
      "id": "오믈렛",
      "label": "오믈렛"
    },
    {
      "id": "오코노미야끼",
      "label": "오코노미야끼"
    },
    {
      "id": "우동",
      "label": "우동"
    },
    {
      "id": "일본식 카레",
      "label": "일본식 카레"
    },
    {
      "id": "짜조",
      "label": "짜조"
    },
    {
      "id": "짬뽕",
      "label": "짬뽕"
    },
    {
      "id": "초밥",
      "label": "초밥"
    },
    {
      "id": "치킨",
      "label": "치킨"
    },
    {
      "id": "타코야끼",
      "label": "타코야끼"
    },
    {
      "id": "테리야끼",
      "label": "테리야끼"
    },
    {
      "id": "텐동",
      "label": "텐동"
    },
    {
      "id": "파스타",
      "label": "파스타"
    }
  ],
  "southeast": [
    {
      "id": "그린 커리",
      "label": "그린 커리"
    },
    {
      "id": "똠얌꿍",
      "label": "똠얌꿍"
    },
    {
      "id": "멘보샤",
      "label": "멘보샤"
    },
    {
      "id": "반미",
      "label": "반미"
    },
    {
      "id": "볶음밥",
      "label": "볶음밥"
    },
    {
      "id": "분보후에",
      "label": "분보후에"
    },
    {
      "id": "분짜",
      "label": "분짜"
    },
    {
      "id": "뿌팟퐁커리",
      "label": "뿌팟퐁커리"
    },
    {
      "id": "쌀국수",
      "label": "쌀국수"
    },
    {
      "id": "인도 커리",
      "label": "인도 커리"
    },
    {
      "id": "짜조",
      "label": "짜조"
    },
    {
      "id": "초밥",
      "label": "초밥"
    },
    {
      "id": "치킨",
      "label": "치킨"
    },
    {
      "id": "팟씨유",
      "label": "팟씨유"
    },
    {
      "id": "팟타이",
      "label": "팟타이"
    }
  ],
  "etc": [
    {
      "id": "도시락",
      "label": "도시락"
    },
    {
      "id": "뷔페",
      "label": "뷔페"
    },
    {
      "id": "샐러드",
      "label": "샐러드"
    },
    {
      "id": "수프",
      "label": "수프"
    },
    {
      "id": "인도 커리",
      "label": "인도 커리"
    }
  ]
}